login_id,password
example1@example.com,password00
example2@example.com,password00
example3@example.com,password00
example4@example.com,password00
example5@example.com,password00
example6@example.com,password00
example7@example.com,password00
example8@example.com,password00
example9@example.com,password00
example10@example.com,password00
example11@example.com,password00
example12@example.com,password00
example13@example.com,password00
example14@example.com,password00
example15@example.com,password00
example16@example.com,password00
example17@example.com,password00
example18@example.com,password00
example19@example.com,password00
example20@example.com,password00
example21@example.com,password00
example22@example.com,password00
example23@example.com,password00
example24@example.com,password00
example25@example.com,password00
example26@example.com,password00
example27@example.com,password00
example28@example.com,password00
example29@example.com,password00
example30@example.com,password00
example31@example.com,password00
example32@example.com,password00
example33@example.com,password00
example34@example.com,password00
example35@example.com,password00
example36@example.com,password00
example37@example.com,password00
example38@example.com,password00
example39@example.com,password00
example40@example.com,password00
example41@example.com,password00
example42@example.com,password00
example43@example.com,password00
example44@example.com,password00
example45@example.com,password00
example46@example.com,password00
example47@example.com,password00
example48@example.com,password00
example49@example.com,password00
example50@example.com,password00
example51@example.com,password00
example52@example.com,password00
example53@example.com,password00
example54@example.com,password00
example55@example.com,password00
example56@example.com,password00
example57@example.com,password00
example58@example.com,password00
example59@example.com,password00
example60@example.com,password00
example61@example.com,password00
example62@example.com,password00
example63@example.com,password00
example64@example.com,password00
example65@example.com,password00
example66@example.com,password00
example67@example.com,password00
example68@example.com,password00
example69@example.com,password00
example70@example.com,password00
example71@example.com,password00
example72@example.com,password00
example73@example.com,password00
example74@example.com,password00
example75@example.com,password00
example76@example.com,password00
example77@example.com,password00
example78@example.com,password00
example79@example.com,password00
example80@example.com,password00
example81@example.com,password00
example82@example.com,password00
example83@example.com,password00
example84@example.com,password00
example85@example.com,password00
example86@example.com,password00
example87@example.com,password00
example88@example.com,password00
example89@example.com,password00
example90@example.com,password00
example91@example.com,password00
example92@example.com,password00
example93@example.com,password00
example94@example.com,password00
example95@example.com,password00
example96@example.com,password00
example97@example.com,password00
example98@example.com,password00
example99@example.com,password00
example100@example.com,password00
