INSERT INTO users(login_id, password, name) VALUES('example1@example.com','1BCDBCCFF1C3D3AE287905E0850E6AFBB56010276F0A9A52AE1FF7874EF35726','サンプル1');
INSERT INTO users(login_id, password, name) VALUES('example2@example.com','1BCDBCCFF1C3D3AE287905E0850E6AFBB56010276F0A9A52AE1FF7874EF35726','サンプル2');
INSERT INTO users(login_id, password, name) VALUES('example3@example.com','1BCDBCCFF1C3D3AE287905E0850E6AFBB56010276F0A9A52AE1FF7874EF35726','サンプル3');
INSERT INTO users(login_id, password, name) VALUES('example4@example.com','1BCDBCCFF1C3D3AE287905E0850E6AFBB56010276F0A9A52AE1FF7874EF35726','サンプル4');
INSERT INTO users(login_id, password, name) VALUES('example5@example.com','1BCDBCCFF1C3D3AE287905E0850E6AFBB56010276F0A9A52AE1FF7874EF35726','サンプル5');
INSERT INTO users(login_id, password, name) VALUES('example6@example.com','1BCDBCCFF1C3D3AE287905E0850E6AFBB56010276F0A9A52AE1FF7874EF35726','サンプル6');
INSERT INTO users(login_id, password, name) VALUES('example7@example.com','1BCDBCCFF1C3D3AE287905E0850E6AFBB56010276F0A9A52AE1FF7874EF35726','サンプル7');
INSERT INTO users(login_id, password, name) VALUES('example8@example.com','1BCDBCCFF1C3D3AE287905E0850E6AFBB56010276F0A9A52AE1FF7874EF35726','サンプル8');
INSERT INTO users(login_id, password, name) VALUES('example9@example.com','1BCDBCCFF1C3D3AE287905E0850E6AFBB56010276F0A9A52AE1FF7874EF35726','サンプル9');
INSERT INTO users(login_id, password, name) VALUES('example10@example.com','1BCDBCCFF1C3D3AE287905E0850E6AFBB56010276F0A9A52AE1FF7874EF35726','サンプル10');
INSERT INTO users(login_id, password, name) VALUES('example11@example.com','1BCDBCCFF1C3D3AE287905E0850E6AFBB56010276F0A9A52AE1FF7874EF35726','サンプル11');
INSERT INTO users(login_id, password, name) VALUES('example12@example.com','1BCDBCCFF1C3D3AE287905E0850E6AFBB56010276F0A9A52AE1FF7874EF35726','サンプル12');
INSERT INTO users(login_id, password, name) VALUES('example13@example.com','1BCDBCCFF1C3D3AE287905E0850E6AFBB56010276F0A9A52AE1FF7874EF35726','サンプル13');
INSERT INTO users(login_id, password, name) VALUES('example14@example.com','1BCDBCCFF1C3D3AE287905E0850E6AFBB56010276F0A9A52AE1FF7874EF35726','サンプル14');
INSERT INTO users(login_id, password, name) VALUES('example15@example.com','1BCDBCCFF1C3D3AE287905E0850E6AFBB56010276F0A9A52AE1FF7874EF35726','サンプル15');
INSERT INTO users(login_id, password, name) VALUES('example16@example.com','1BCDBCCFF1C3D3AE287905E0850E6AFBB56010276F0A9A52AE1FF7874EF35726','サンプル16');
INSERT INTO users(login_id, password, name) VALUES('example17@example.com','1BCDBCCFF1C3D3AE287905E0850E6AFBB56010276F0A9A52AE1FF7874EF35726','サンプル17');
INSERT INTO users(login_id, password, name) VALUES('example18@example.com','1BCDBCCFF1C3D3AE287905E0850E6AFBB56010276F0A9A52AE1FF7874EF35726','サンプル18');
INSERT INTO users(login_id, password, name) VALUES('example19@example.com','1BCDBCCFF1C3D3AE287905E0850E6AFBB56010276F0A9A52AE1FF7874EF35726','サンプル19');
INSERT INTO users(login_id, password, name) VALUES('example20@example.com','1BCDBCCFF1C3D3AE287905E0850E6AFBB56010276F0A9A52AE1FF7874EF35726','サンプル20');
INSERT INTO users(login_id, password, name) VALUES('example21@example.com','1BCDBCCFF1C3D3AE287905E0850E6AFBB56010276F0A9A52AE1FF7874EF35726','サンプル21');
INSERT INTO users(login_id, password, name) VALUES('example22@example.com','1BCDBCCFF1C3D3AE287905E0850E6AFBB56010276F0A9A52AE1FF7874EF35726','サンプル22');
INSERT INTO users(login_id, password, name) VALUES('example23@example.com','1BCDBCCFF1C3D3AE287905E0850E6AFBB56010276F0A9A52AE1FF7874EF35726','サンプル23');
INSERT INTO users(login_id, password, name) VALUES('example24@example.com','1BCDBCCFF1C3D3AE287905E0850E6AFBB56010276F0A9A52AE1FF7874EF35726','サンプル24');
INSERT INTO users(login_id, password, name) VALUES('example25@example.com','1BCDBCCFF1C3D3AE287905E0850E6AFBB56010276F0A9A52AE1FF7874EF35726','サンプル25');
INSERT INTO users(login_id, password, name) VALUES('example26@example.com','1BCDBCCFF1C3D3AE287905E0850E6AFBB56010276F0A9A52AE1FF7874EF35726','サンプル26');
INSERT INTO users(login_id, password, name) VALUES('example27@example.com','1BCDBCCFF1C3D3AE287905E0850E6AFBB56010276F0A9A52AE1FF7874EF35726','サンプル27');
INSERT INTO users(login_id, password, name) VALUES('example28@example.com','1BCDBCCFF1C3D3AE287905E0850E6AFBB56010276F0A9A52AE1FF7874EF35726','サンプル28');
INSERT INTO users(login_id, password, name) VALUES('example29@example.com','1BCDBCCFF1C3D3AE287905E0850E6AFBB56010276F0A9A52AE1FF7874EF35726','サンプル29');
INSERT INTO users(login_id, password, name) VALUES('example30@example.com','1BCDBCCFF1C3D3AE287905E0850E6AFBB56010276F0A9A52AE1FF7874EF35726','サンプル30');
INSERT INTO users(login_id, password, name) VALUES('example31@example.com','1BCDBCCFF1C3D3AE287905E0850E6AFBB56010276F0A9A52AE1FF7874EF35726','サンプル31');
INSERT INTO users(login_id, password, name) VALUES('example32@example.com','1BCDBCCFF1C3D3AE287905E0850E6AFBB56010276F0A9A52AE1FF7874EF35726','サンプル32');
INSERT INTO users(login_id, password, name) VALUES('example33@example.com','1BCDBCCFF1C3D3AE287905E0850E6AFBB56010276F0A9A52AE1FF7874EF35726','サンプル33');
INSERT INTO users(login_id, password, name) VALUES('example34@example.com','1BCDBCCFF1C3D3AE287905E0850E6AFBB56010276F0A9A52AE1FF7874EF35726','サンプル34');
INSERT INTO users(login_id, password, name) VALUES('example35@example.com','1BCDBCCFF1C3D3AE287905E0850E6AFBB56010276F0A9A52AE1FF7874EF35726','サンプル35');
INSERT INTO users(login_id, password, name) VALUES('example36@example.com','1BCDBCCFF1C3D3AE287905E0850E6AFBB56010276F0A9A52AE1FF7874EF35726','サンプル36');
INSERT INTO users(login_id, password, name) VALUES('example37@example.com','1BCDBCCFF1C3D3AE287905E0850E6AFBB56010276F0A9A52AE1FF7874EF35726','サンプル37');
INSERT INTO users(login_id, password, name) VALUES('example38@example.com','1BCDBCCFF1C3D3AE287905E0850E6AFBB56010276F0A9A52AE1FF7874EF35726','サンプル38');
INSERT INTO users(login_id, password, name) VALUES('example39@example.com','1BCDBCCFF1C3D3AE287905E0850E6AFBB56010276F0A9A52AE1FF7874EF35726','サンプル39');
INSERT INTO users(login_id, password, name) VALUES('example40@example.com','1BCDBCCFF1C3D3AE287905E0850E6AFBB56010276F0A9A52AE1FF7874EF35726','サンプル40');
INSERT INTO users(login_id, password, name) VALUES('example41@example.com','1BCDBCCFF1C3D3AE287905E0850E6AFBB56010276F0A9A52AE1FF7874EF35726','サンプル41');
INSERT INTO users(login_id, password, name) VALUES('example42@example.com','1BCDBCCFF1C3D3AE287905E0850E6AFBB56010276F0A9A52AE1FF7874EF35726','サンプル42');
INSERT INTO users(login_id, password, name) VALUES('example43@example.com','1BCDBCCFF1C3D3AE287905E0850E6AFBB56010276F0A9A52AE1FF7874EF35726','サンプル43');
INSERT INTO users(login_id, password, name) VALUES('example44@example.com','1BCDBCCFF1C3D3AE287905E0850E6AFBB56010276F0A9A52AE1FF7874EF35726','サンプル44');
INSERT INTO users(login_id, password, name) VALUES('example45@example.com','1BCDBCCFF1C3D3AE287905E0850E6AFBB56010276F0A9A52AE1FF7874EF35726','サンプル45');
INSERT INTO users(login_id, password, name) VALUES('example46@example.com','1BCDBCCFF1C3D3AE287905E0850E6AFBB56010276F0A9A52AE1FF7874EF35726','サンプル46');
INSERT INTO users(login_id, password, name) VALUES('example47@example.com','1BCDBCCFF1C3D3AE287905E0850E6AFBB56010276F0A9A52AE1FF7874EF35726','サンプル47');
INSERT INTO users(login_id, password, name) VALUES('example48@example.com','1BCDBCCFF1C3D3AE287905E0850E6AFBB56010276F0A9A52AE1FF7874EF35726','サンプル48');
INSERT INTO users(login_id, password, name) VALUES('example49@example.com','1BCDBCCFF1C3D3AE287905E0850E6AFBB56010276F0A9A52AE1FF7874EF35726','サンプル49');
INSERT INTO users(login_id, password, name) VALUES('example50@example.com','1BCDBCCFF1C3D3AE287905E0850E6AFBB56010276F0A9A52AE1FF7874EF35726','サンプル50');
INSERT INTO users(login_id, password, name) VALUES('example51@example.com','1BCDBCCFF1C3D3AE287905E0850E6AFBB56010276F0A9A52AE1FF7874EF35726','サンプル51');
INSERT INTO users(login_id, password, name) VALUES('example52@example.com','1BCDBCCFF1C3D3AE287905E0850E6AFBB56010276F0A9A52AE1FF7874EF35726','サンプル52');
INSERT INTO users(login_id, password, name) VALUES('example53@example.com','1BCDBCCFF1C3D3AE287905E0850E6AFBB56010276F0A9A52AE1FF7874EF35726','サンプル53');
INSERT INTO users(login_id, password, name) VALUES('example54@example.com','1BCDBCCFF1C3D3AE287905E0850E6AFBB56010276F0A9A52AE1FF7874EF35726','サンプル54');
INSERT INTO users(login_id, password, name) VALUES('example55@example.com','1BCDBCCFF1C3D3AE287905E0850E6AFBB56010276F0A9A52AE1FF7874EF35726','サンプル55');
INSERT INTO users(login_id, password, name) VALUES('example56@example.com','1BCDBCCFF1C3D3AE287905E0850E6AFBB56010276F0A9A52AE1FF7874EF35726','サンプル56');
INSERT INTO users(login_id, password, name) VALUES('example57@example.com','1BCDBCCFF1C3D3AE287905E0850E6AFBB56010276F0A9A52AE1FF7874EF35726','サンプル57');
INSERT INTO users(login_id, password, name) VALUES('example58@example.com','1BCDBCCFF1C3D3AE287905E0850E6AFBB56010276F0A9A52AE1FF7874EF35726','サンプル58');
INSERT INTO users(login_id, password, name) VALUES('example59@example.com','1BCDBCCFF1C3D3AE287905E0850E6AFBB56010276F0A9A52AE1FF7874EF35726','サンプル59');
INSERT INTO users(login_id, password, name) VALUES('example60@example.com','1BCDBCCFF1C3D3AE287905E0850E6AFBB56010276F0A9A52AE1FF7874EF35726','サンプル60');
INSERT INTO users(login_id, password, name) VALUES('example61@example.com','1BCDBCCFF1C3D3AE287905E0850E6AFBB56010276F0A9A52AE1FF7874EF35726','サンプル61');
INSERT INTO users(login_id, password, name) VALUES('example62@example.com','1BCDBCCFF1C3D3AE287905E0850E6AFBB56010276F0A9A52AE1FF7874EF35726','サンプル62');
INSERT INTO users(login_id, password, name) VALUES('example63@example.com','1BCDBCCFF1C3D3AE287905E0850E6AFBB56010276F0A9A52AE1FF7874EF35726','サンプル63');
INSERT INTO users(login_id, password, name) VALUES('example64@example.com','1BCDBCCFF1C3D3AE287905E0850E6AFBB56010276F0A9A52AE1FF7874EF35726','サンプル64');
INSERT INTO users(login_id, password, name) VALUES('example65@example.com','1BCDBCCFF1C3D3AE287905E0850E6AFBB56010276F0A9A52AE1FF7874EF35726','サンプル65');
INSERT INTO users(login_id, password, name) VALUES('example66@example.com','1BCDBCCFF1C3D3AE287905E0850E6AFBB56010276F0A9A52AE1FF7874EF35726','サンプル66');
INSERT INTO users(login_id, password, name) VALUES('example67@example.com','1BCDBCCFF1C3D3AE287905E0850E6AFBB56010276F0A9A52AE1FF7874EF35726','サンプル67');
INSERT INTO users(login_id, password, name) VALUES('example68@example.com','1BCDBCCFF1C3D3AE287905E0850E6AFBB56010276F0A9A52AE1FF7874EF35726','サンプル68');
INSERT INTO users(login_id, password, name) VALUES('example69@example.com','1BCDBCCFF1C3D3AE287905E0850E6AFBB56010276F0A9A52AE1FF7874EF35726','サンプル69');
INSERT INTO users(login_id, password, name) VALUES('example70@example.com','1BCDBCCFF1C3D3AE287905E0850E6AFBB56010276F0A9A52AE1FF7874EF35726','サンプル70');
INSERT INTO users(login_id, password, name) VALUES('example71@example.com','1BCDBCCFF1C3D3AE287905E0850E6AFBB56010276F0A9A52AE1FF7874EF35726','サンプル71');
INSERT INTO users(login_id, password, name) VALUES('example72@example.com','1BCDBCCFF1C3D3AE287905E0850E6AFBB56010276F0A9A52AE1FF7874EF35726','サンプル72');
INSERT INTO users(login_id, password, name) VALUES('example73@example.com','1BCDBCCFF1C3D3AE287905E0850E6AFBB56010276F0A9A52AE1FF7874EF35726','サンプル73');
INSERT INTO users(login_id, password, name) VALUES('example74@example.com','1BCDBCCFF1C3D3AE287905E0850E6AFBB56010276F0A9A52AE1FF7874EF35726','サンプル74');
INSERT INTO users(login_id, password, name) VALUES('example75@example.com','1BCDBCCFF1C3D3AE287905E0850E6AFBB56010276F0A9A52AE1FF7874EF35726','サンプル75');
INSERT INTO users(login_id, password, name) VALUES('example76@example.com','1BCDBCCFF1C3D3AE287905E0850E6AFBB56010276F0A9A52AE1FF7874EF35726','サンプル76');
INSERT INTO users(login_id, password, name) VALUES('example77@example.com','1BCDBCCFF1C3D3AE287905E0850E6AFBB56010276F0A9A52AE1FF7874EF35726','サンプル77');
INSERT INTO users(login_id, password, name) VALUES('example78@example.com','1BCDBCCFF1C3D3AE287905E0850E6AFBB56010276F0A9A52AE1FF7874EF35726','サンプル78');
INSERT INTO users(login_id, password, name) VALUES('example79@example.com','1BCDBCCFF1C3D3AE287905E0850E6AFBB56010276F0A9A52AE1FF7874EF35726','サンプル79');
INSERT INTO users(login_id, password, name) VALUES('example80@example.com','1BCDBCCFF1C3D3AE287905E0850E6AFBB56010276F0A9A52AE1FF7874EF35726','サンプル80');
INSERT INTO users(login_id, password, name) VALUES('example81@example.com','1BCDBCCFF1C3D3AE287905E0850E6AFBB56010276F0A9A52AE1FF7874EF35726','サンプル81');
INSERT INTO users(login_id, password, name) VALUES('example82@example.com','1BCDBCCFF1C3D3AE287905E0850E6AFBB56010276F0A9A52AE1FF7874EF35726','サンプル82');
INSERT INTO users(login_id, password, name) VALUES('example83@example.com','1BCDBCCFF1C3D3AE287905E0850E6AFBB56010276F0A9A52AE1FF7874EF35726','サンプル83');
INSERT INTO users(login_id, password, name) VALUES('example84@example.com','1BCDBCCFF1C3D3AE287905E0850E6AFBB56010276F0A9A52AE1FF7874EF35726','サンプル84');
INSERT INTO users(login_id, password, name) VALUES('example85@example.com','1BCDBCCFF1C3D3AE287905E0850E6AFBB56010276F0A9A52AE1FF7874EF35726','サンプル85');
INSERT INTO users(login_id, password, name) VALUES('example86@example.com','1BCDBCCFF1C3D3AE287905E0850E6AFBB56010276F0A9A52AE1FF7874EF35726','サンプル86');
INSERT INTO users(login_id, password, name) VALUES('example87@example.com','1BCDBCCFF1C3D3AE287905E0850E6AFBB56010276F0A9A52AE1FF7874EF35726','サンプル87');
INSERT INTO users(login_id, password, name) VALUES('example88@example.com','1BCDBCCFF1C3D3AE287905E0850E6AFBB56010276F0A9A52AE1FF7874EF35726','サンプル88');
INSERT INTO users(login_id, password, name) VALUES('example89@example.com','1BCDBCCFF1C3D3AE287905E0850E6AFBB56010276F0A9A52AE1FF7874EF35726','サンプル89');
INSERT INTO users(login_id, password, name) VALUES('example90@example.com','1BCDBCCFF1C3D3AE287905E0850E6AFBB56010276F0A9A52AE1FF7874EF35726','サンプル90');
INSERT INTO users(login_id, password, name) VALUES('example91@example.com','1BCDBCCFF1C3D3AE287905E0850E6AFBB56010276F0A9A52AE1FF7874EF35726','サンプル91');
INSERT INTO users(login_id, password, name) VALUES('example92@example.com','1BCDBCCFF1C3D3AE287905E0850E6AFBB56010276F0A9A52AE1FF7874EF35726','サンプル92');
INSERT INTO users(login_id, password, name) VALUES('example93@example.com','1BCDBCCFF1C3D3AE287905E0850E6AFBB56010276F0A9A52AE1FF7874EF35726','サンプル93');
INSERT INTO users(login_id, password, name) VALUES('example94@example.com','1BCDBCCFF1C3D3AE287905E0850E6AFBB56010276F0A9A52AE1FF7874EF35726','サンプル94');
INSERT INTO users(login_id, password, name) VALUES('example95@example.com','1BCDBCCFF1C3D3AE287905E0850E6AFBB56010276F0A9A52AE1FF7874EF35726','サンプル95');
INSERT INTO users(login_id, password, name) VALUES('example96@example.com','1BCDBCCFF1C3D3AE287905E0850E6AFBB56010276F0A9A52AE1FF7874EF35726','サンプル96');
INSERT INTO users(login_id, password, name) VALUES('example97@example.com','1BCDBCCFF1C3D3AE287905E0850E6AFBB56010276F0A9A52AE1FF7874EF35726','サンプル97');
INSERT INTO users(login_id, password, name) VALUES('example98@example.com','1BCDBCCFF1C3D3AE287905E0850E6AFBB56010276F0A9A52AE1FF7874EF35726','サンプル98');
INSERT INTO users(login_id, password, name) VALUES('example99@example.com','1BCDBCCFF1C3D3AE287905E0850E6AFBB56010276F0A9A52AE1FF7874EF35726','サンプル99');
INSERT INTO users(login_id, password, name) VALUES('example100@example.com','1BCDBCCFF1C3D3AE287905E0850E6AFBB56010276F0A9A52AE1FF7874EF35726','サンプル100');
